val_class_mae,val_class_percent_2buckRange
0.3042928161826378,0.5855133946165846
0.2244351652283091,0.7375284783200913
0.2015760074389291,0.7423992457604481
