Epochs,val_class_mae,val_class_percent_2buckRange,val_class_mse,acc
1.0,0.578617361156564,0.16052631566399023,0.5368693127757624,0.027894736873476128
2.0,0.5752601832465122,0.1978947367166218,0.5323374404405292,0.036315789505055075
3.0,0.570961352649488,0.2310526314534639,0.5267063671664188,0.04052631582084455
