Epochs,val_class_mae,val_class_percent_2buckRange,val_class_mse,acc
1.0,0.2580137560869518,0.7031578956152263,0.1955276227624793,0.18157894733705018
2.0,0.25718572553835417,0.7026315778180172,0.19520581923033062,0.18368421049494493
3.0,0.25658580434949774,0.7052631595260218,0.1949798919338929,0.18526315754965733
