Epochs,val_mean_absolute_error,val_mean_squared_error,val_loss,acc
1.0,1.6895192166378623,3.6791764545440673,1.6895192166378623,1.6895192166378623
2.0,0.836223416830364,1.1205341090654073,0.836223416830364,0.836223416830364
3.0,0.5913625280480636,0.6582480062936482,0.5913625280480636,0.5913625280480636
4.0,0.5127348534684432,0.5262556414855154,0.5127348534684432,0.5127348534684432
5.0,0.4583905335476524,0.44251332596728676,0.4583905335476524,0.4583905335476524
