Epochs,val_mean_absolute_error,val_mean_squared_error,val_loss,acc
1.0,2.3436831177016835,6.220324204291827,2.3436831177016835,2.3436831177016835
2.0,2.3311091793908014,6.166404900727449,2.3311091793908014,2.3311091793908014
3.0,2.3183573881785073,6.112301137712267,2.3183573881785073,2.3183573881785073
