Epochs,val_mean_absolute_error,val_mean_squared_error,val_loss,acc
1.0,2.030164996968334,4.427355255099267,2.030164996968334,2.030164996968334
2.0,0.8860152288074009,1.1382603040317478,0.8860152288074009,0.8860152288074009
3.0,0.5689325687364941,0.611651332437714,0.5689325687364941,0.5689325687364941
4.0,0.489068425755355,0.4680390760124873,0.489068425755355,0.489068425755355
5.0,0.44447997816490226,0.3975426518218761,0.44447997816490226,0.44447997816490226
