Epochs,val_class_mae,val_class_percent_2buckRange,val_class_mse,acc
1.0,0.30547717213630676,0.06493506580591202,0.12098082154989243,0.0
2.0,0.30549484491348267,0.06493506580591202,0.12100037932395935,0.0
3.0,0.3055088520050049,0.06493506580591202,0.12101709842681885,0.0
