Epochs,val_mean_absolute_error,val_mean_squared_error,val_loss,acc
1.0,0.4676791280194333,0.4660261113392679,0.4676791280194333,0.4676791280194333
2.0,0.46270495188863653,0.45919831125359784,0.46270495188863653,0.46270495188863653
3.0,0.45797535419464114,0.4525768794511494,0.45797535419464114,0.45797535419464114
