Epochs,val_class_mae,val_class_percent_2buckRange,val_class_mse,acc
1.0,0.5820790884369298,0.12578947387243572,0.541805097868568,0.022105263189265603
2.0,0.5816496897371192,0.12947368389681765,0.5411730141388743,0.022105263189265603
3.0,0.5811968364841059,0.13263157863365976,0.5405128015969929,0.02157894739979192
