Epochs,val_class_mae,val_class_percent_2buckRange,val_class_mse,acc
1.0,0.1750149856429351,0.8057894731822767,0.07037998665320246,0.2652631575810282
2.0,0.1755865979194641,0.8089473679191188,0.07138641451534472,0.2668421054513831
3.0,0.1757327254508671,0.8057894731822767,0.07123597502708436,0.26736842124085675
