Epochs,val_mean_absolute_error,val_mean_squared_error,val_loss,acc
1.0,0.4407179587765744,0.4302103750956686,0.4407179587765744,0.4407179587765744
2.0,0.4368323344933359,0.42553671617256966,0.4368323344933359,0.4368323344933359
3.0,0.4330888586922696,0.4208217049272437,0.4330888586922696,0.4330888586922696
