Epochs,val_class_mae,val_class_percent_2buckRange,val_class_mse,acc
1.0,0.2968985040982564,0.35555556416511536,0.12201654579904345,0.11111111028326882
2.0,0.29688647720548844,0.35555556416511536,0.12202413214577569,0.11111111028326882
3.0,0.2968778411547343,0.35555556416511536,0.12203442719247606,0.11111111028326882
4.0,0.29686031076643205,0.35555556416511536,0.12203515900505914,0.11111111028326882
5.0,0.2968454559644063,0.35555556416511536,0.12203969889216953,0.11111111028326882
