Epochs,val_mean_absolute_error,val_mean_squared_error,val_loss,acc
1.0,0.2431252924392098,0.1704252175594631,0.2431252924392098,0.2431252924392098
2.0,0.24229936982456007,0.16680694947117253,0.24229936982456007,0.24229936982456007
3.0,0.2417335614718889,0.16396230744688134,0.2417335614718889,0.2417335614718889
4.0,0.24003909465513731,0.16339434300598346,0.24003909465513731,0.24003909465513731
5.0,0.2388272456118935,0.16081393041108785,0.2388272456118935,0.2388272456118935
