Epochs,val_class_mae,val_class_percent_2buckRange,val_class_mse,acc
1.0,0.583271451435591,0.11368421071454099,0.5436145266733672,0.01789473687347613
2.0,0.5828926125953072,0.1163157896619094,0.5430288242038928,0.018421052662949813
3.0,0.5824926197528839,0.11947368439875151,0.542423733723791,0.01947368424189718
