Epochs,val_class_mae,val_class_percent_2buckRange,val_class_mse,acc
1.0,0.5704821023188139,0.23684210526315788,0.5260859823226929,0.041052631590711444
2.0,0.5699866129222669,0.24263157894736842,0.5254422112515098,0.04210526316965881
3.0,0.5694885566360072,0.25052631547576504,0.5247914488692033,0.04315789474860618
