Epochs,val_class_mae,val_class_percent_2buckRange,val_class_mse,acc
1.0,0.6233527216785832,0.06789473684210526,0.5770433656165475,0.015263157894736841
2.0,0.6194807334950095,0.07473684210526316,0.572131155666552,0.018421052631578946
3.0,0.6157679169428976,0.09105263157894737,0.567467732053054,0.018421052631578946
