Epochs,val_class_mae,val_class_percent_2buckRange,val_class_mse,acc
1.0,0.17737547435258563,0.8021052631578948,0.07079251071340159,0.260526315946328
2.0,0.17665967624438436,0.8052631578947368,0.07074001549105895,0.26315789489369645
3.0,0.17655479895441156,0.8073684210526316,0.0710820770263672,0.2615789475252754
