Epochs,val_class_mae,val_class_percent_2buckRange,val_class_mse,acc
1.0,0.5667249689604107,0.2715789468664872,0.5212312597977488,0.04578947369989596
2.0,0.5634014863716929,0.29368420971067327,0.5169853805240832,0.049473684124256435
3.0,0.5592722316792137,0.31315789423490825,0.5117170227201362,0.05578947359794065
