Epochs,val_class_mae,val_class_percent_2buckRange,val_class_mse,acc
1.0,0.58327145212575,0.11368421071454099,0.5436145207129027,0.01789473687347613
2.0,0.5828926230104347,0.1163157896619094,0.54302883932465,0.018421052662949813
3.0,0.5824926284739845,0.11947368439875151,0.5424237341002414,0.01947368424189718
