Epochs,val_class_mae,val_class_percent_2buckRange,val_class_mse,acc
1.0,0.3054770827293396,0.06493506580591202,0.12098076939582825,0.0
2.0,0.3054947853088379,0.06493506580591202,0.12100036442279816,0.0
3.0,0.3055088520050049,0.06493506580591202,0.12101710587739944,0.0
