Epochs,val_class_mae,val_class_percent_2buckRange,val_class_mse,acc
1.0,0.25059992702383743,0.7189473681700858,0.18871246667284713,0.20105263198676862
2.0,0.25069939970970156,0.7157894734332436,0.18866305169306302,0.20000000040782126
3.0,0.2507221464734328,0.7200000011293511,0.18879752312835893,0.2015789477762423
