Epochs,val_mean_absolute_error,val_mean_squared_error,val_loss,acc
1.0,2.531373235914442,6.920423242780897,2.531373235914442,2.531373235914442
2.0,2.226052858211376,5.6255607781586825,2.226052858211376,2.226052858211376
3.0,1.7363850275675456,3.8565170146800853,1.7363850275675456,1.7363850275675456
4.0,1.19791250317185,2.0352961001572787,1.19791250317185,1.19791250317185
5.0,0.798743466536204,0.9681471034332558,0.798743466536204,0.798743466536204
