Epochs,val_class_mae,val_class_percent_2buckRange,val_class_mse,acc
1.0,0.5573173393701252,0.3252631575810282,0.5092639373478136,0.059473684257582614
2.0,0.555177715640319,0.33315789461135864,0.5066070894191139,0.06052631583652998
3.0,0.5528543253948814,0.3415789472429376,0.5037596418983058,0.06421052636284577
