Epochs,val_class_mae,val_class_percent_2buckRange,val_class_mse,acc
1.0,0.5832714504317233,0.11368421071454099,0.5436145389080047,0.01789473687347613
2.0,0.5828926029330805,0.1163157896619094,0.5430288296624234,0.018421052662949813
3.0,0.5824926365676679,0.11947368439875151,0.5424237420056995,0.01947368424189718
