Epochs,val_class_mae,val_class_percent_2buckRange,val_class_mse,acc
1.0,0.2527006301126982,0.7126315786964015,0.19265218869635933,0.19578947387243573
2.0,0.25305649035855343,0.7142105266922398,0.1910824617272929,0.19736842092714812
3.0,0.2499634627919448,0.7247368412268789,0.18873689852262798,0.20105263167305998
