Epochs,val_mean_absolute_error,val_mean_squared_error,val_loss,acc
1.0,0.2628632389871698,0.20262409508228302,0.2628632389871698,0.2628632389871698
2.0,0.2622881581908778,0.19480852324711648,0.2622881581908778,0.2622881581908778
3.0,0.25787748016809164,0.19300974861571663,0.25787748016809164,0.25787748016809164
4.0,0.2562128737098292,0.1877273460438377,0.2562128737098292,0.2562128737098292
5.0,0.2540307991128219,0.18500621083535645,0.2540307991128219,0.2540307991128219
