Epochs,val_class_mae,val_class_percent_2buckRange,val_class_mse,acc
1.0,0.5832714555138035,0.11368421071454099,0.5436145242264396,0.01789473687347613
2.0,0.5828926095837041,0.1163157896619094,0.54302883279951,0.018421052662949813
3.0,0.5824926214469106,0.11947368439875151,0.5424237409390901,0.01947368424189718
