Epochs,val_class_mae,val_class_percent_2buckRange,val_class_mse,acc
1.0,0.4179613011991317,0.021127309581351835,0.36729757383569156,0.0040539487019568094
2.0,0.4171173261668627,0.021828954548998206,0.3668276327773621,0.0043657909097996415
3.0,0.417105474661264,0.022686520620565993,0.36725840577278485,0.004443751461760349
4.0,0.4171237916839349,0.025103297731347937,0.3677367055147521,0.004755593669603181
5.0,0.41727194787372884,0.02876744367350121,0.3684628641390695,0.00514539642940672
