Epochs,val_mean_absolute_error,val_mean_squared_error,val_loss,acc
1.0,1.6895568054600767,3.6791816631116365,1.6895568054600767,1.6895568054600767
2.0,0.8364222728578667,1.1209194865979646,0.8364222728578667,0.8364222728578667
3.0,0.5913672120947587,0.6581059268901223,0.5913672120947587,0.5913672120947587
4.0,0.512768245245281,0.5263715426545394,0.512768245245281,0.512768245245281
5.0,0.45843693482248404,0.4425457102374027,0.45843693482248404,0.45843693482248404
