Epochs,val_class_mae,val_class_percent_2buckRange,val_class_mse,acc
1.0,0.58327145212575,0.11368421071454099,0.543614516195498,0.01789473687347613
2.0,0.5828926196223811,0.1163157896619094,0.5430288365012721,0.018421052662949813
3.0,0.5824926378225025,0.11947368439875151,0.5424237440761767,0.01947368424189718
