Epochs,val_mean_absolute_error,val_mean_squared_error,val_loss,acc
1.0,0.45336716758577444,0.4468477084762172,0.45336716758577444,0.45336716758577444
2.0,0.44897856731163827,0.4411830090849023,0.44897856731163827,0.44897856731163827
3.0,0.4447651544997567,0.4355928718416314,0.4447651544997567,0.4447651544997567
