Epochs,val_mean_absolute_error,val_mean_squared_error,val_loss,acc
1.0,0.25139409774228144,0.18210286303570397,0.25139409774228144,0.25139409774228144
2.0,0.249373796111659,0.18061566428134315,0.249373796111659,0.249373796111659
3.0,0.2482042720443324,0.17686149082685773,0.2482042720443324,0.2482042720443324
4.0,0.24625295181023446,0.1752525607222005,0.24625295181023446,0.24625295181023446
5.0,0.24617070844298916,0.17294210493564605,0.24617070844298916,0.24617070844298916
