Epochs,val_mean_absolute_error,val_mean_squared_error,val_loss,acc
1.0,0.28856974206472696,0.24333575750652112,0.28856974206472696,0.28856974206472696
2.0,0.2824390645403611,0.2312037822447325,0.2824390645403611,0.2824390645403611
3.0,0.27558113041676974,0.22412039634428527,0.27558113041676974,0.27558113041676974
4.0,0.27092345262828627,0.21538389400431984,0.27092345262828627,0.27092345262828627
5.0,0.2670921250393516,0.20910818677199514,0.2670921250393516,0.2670921250393516
