Epochs,val_class_mae,val_class_percent_2buckRange,val_class_mse,acc
1.0,0.17577660504140352,0.8078947363401714,0.07134970831243616,0.26631578934820077
2.0,0.17465292886683814,0.8084210521296451,0.07069595666308152,0.2647368422934884
3.0,0.1739157221819225,0.8099999994980661,0.0694152179987807,0.2631578944231335
