Epochs,val_class_mae,val_class_percent_2buckRange,val_class_mse,acc
1.0,0.4581450311761153,0.42631578934820075,0.4047172614775206,0.09473684215231945
2.0,0.41120111139197096,0.4594736844614932,0.3640519752627925,0.09842105275706241
3.0,0.378509713223106,0.5442105262530478,0.3321831312305049,0.12578947365283966
