Epochs,val_class_mae,val_class_percent_2buckRange,val_class_mse,acc
1.0,0.5503668726117987,0.3510526314534639,0.5007281032361482,0.06842105267863524
2.0,0.5477273120378193,0.3515789470547124,0.49752161515386484,0.06894736846810894
3.0,0.5449426172281566,0.3563157891599755,0.49416066502269945,0.07052631583652998
