Epochs,val_mean_absolute_error,val_mean_squared_error,val_loss,acc
1.0,0.42951479378499485,0.4157715227729396,0.42951479378499485,0.42951479378499485
2.0,0.4260772422112917,0.4115232505923823,0.4260772422112917,0.4260772422112917
3.0,0.4227981910580083,0.4078504645197015,0.4227981910580083,0.4227981910580083
