Epochs,val_class_mae,val_class_percent_2buckRange,val_class_mse,acc
1.0,0.5420158686135944,0.3610526314534639,0.49066831262488114,0.0700000000470563
2.0,0.5389558910068712,0.36631578934820075,0.4870660510816072,0.0700000000470563
3.0,0.5358000115344399,0.3673684207389229,0.4833925417849892,0.07052631585221542
