Epochs,val_mean_absolute_error,val_mean_squared_error,val_loss,acc
1.0,1.68955261456339,3.679646376057675,1.68955261456339,1.68955261456339
2.0,0.8360321087586252,1.1200765296032553,0.8360321087586252,0.8360321087586252
3.0,0.5913208800867984,0.6581863940389533,0.5913208800867984,0.5913208800867984
4.0,0.5127304407169945,0.5262438195630124,0.5127304407169945,0.5127304407169945
5.0,0.4583781586195293,0.44232478417848287,0.4583781586195293,0.4583781586195293
