Epochs,val_class_mae,val_class_percent_2buckRange,val_class_mse,acc
1.0,0.2423727600198043,0.7157894733077601,0.17726718946507103,0.19947368461834758
2.0,0.2344348563018598,0.7310526313279805,0.1562933014254821,0.2084210530394002
3.0,0.225392564064578,0.7415789484977722,0.14363788394551527,0.22315789514466336
