Epochs,val_class_mae,val_class_percent_2buckRange,val_class_mse,acc
1.0,0.5832714564549295,0.11368421071454099,0.5436145246656318,0.01789473687347613
2.0,0.5828926055682333,0.1163157896619094,0.5430288418343193,0.018421052662949813
3.0,0.5824926117219423,0.11947368439875151,0.5424237243125313,0.01947368424189718
