Epochs,val_class_mae,val_class_percent_2buckRange,val_class_mse,acc
1.0,0.5832714544471942,0.11368421071454099,0.5436145145014712,0.01789473687347613
2.0,0.5828926105875718,0.1163157896619094,0.5430288252705022,0.018421052662949813
3.0,0.5824926228272288,0.11947368439875151,0.5424237312768635,0.01947368424189718
