Epochs,val_class_mae,val_class_percent_2buckRange,val_class_mse,acc
1.0,0.3741085952834079,0.5463157892227173,0.32828142781006664,0.125789473809694
2.0,0.37018352376787284,0.5489473685465361,0.32485335914712204,0.1252631580202203
3.0,0.36666137318862113,0.5510526317044309,0.32174162952523483,0.12684210538864135
