Epochs,val_class_mae,val_class_percent_2buckRange,val_class_mse,acc
1.0,0.29352717010598434,0.6368421055141248,0.25783684093701215,0.17157894705471238
2.0,0.2733374464511871,0.6615789474939046,0.2294114379506362,0.16894736838968177
3.0,0.25910225761564154,0.6989473686720196,0.19598990474876604,0.17999999993725826
